{"zeroshot": {"3": {"5": {"prec": [0.38, 0.21666666666666665, 0.16799999999999998, 0.113, 0.08066666666666666, 0.0655], "recall": [0.05919486069486069, 0.10015229215229214, 0.12351096870609066, 0.16337464026488416, 0.1717895383749042, 0.1809125542479201], "f1": [0.10121484441484445, 0.13386111334387196, 0.13718694190677766, 0.12752485428676702, 0.10410503679418015, 0.0910164901761644], "ndcg": [0.38, 0.4460723753891912, 0.48899133270229256, 0.5128160766691754, 0.5124563342817282, 0.5158141450515452]}}}}{"zeroshot": {"3": {"5": {"prec": [0.3557692307692308, 0.21634615384615385, 0.16153846153846152, 0.10721153846153848, 0.08044871794871795, 0.06682692307692309], "recall": [0.052718080622667966, 0.09606461729226434, 0.11409667358713968, 0.14820767179538794, 0.16390434236661763, 0.1749808830363156], "f1": [0.09026216442078105, 0.12811739629438612, 0.1267667702017502, 0.11680503683428427, 0.10070539233223413, 0.0899563057214258], "ndcg": [0.3557692307692308, 0.43765827683259917, 0.4615681918700284, 0.48378735989415733, 0.48304874069901016, 0.4885824122176714]}}}}