{"zeroshot": {"3": {"5": {"prec": [0.4802494802494803, 0.3167013167013167, 0.251975051975052, 0.18960498960498962, 0.162993762993763, 0.14516632016632014], "recall": [0.06246306460123556, 0.1177627290179622, 0.15285155288027333, 0.22417202640638276, 0.2804063124115093, 0.3269918968843473], "f1": [0.1073862832066684, 0.16213379244182785, 0.1773035184638396, 0.18910885712691172, 0.1892563316755931, 0.18496087563296557], "ndcg": [0.4802494802494803, 0.5891286577258054, 0.6122552625632521, 0.6170214280738392, 0.6121175855179862, 0.6078927143999231]}}}}{"zeroshot": {"3": {"5": {"prec": [0.6, 0.3333333333333333, 0.24, 0.13999999999999999, 0.10666666666666666, 0.1], "recall": [0.10111111111111111, 0.1522222222222222, 0.16333333333333333, 0.17444444444444446, 0.18555555555555556, 0.23666666666666666], "f1": [0.16771929824561405, 0.19523809523809527, 0.1766183574879227, 0.13904761904761903, 0.12165869218500795, 0.12782456140350879], "ndcg": [0.6, 0.7261859507142915, 0.7155664366194864, 0.7083566009804919, 0.7022709407354882, 0.6776556485442159]}}}}{"zeroshot": {"3": {"5": {"prec": [0.4857142857142857, 0.33333333333333326, 0.26857142857142857, 0.1871428571428571, 0.1552380952380952, 0.13357142857142856], "recall": [0.05418137348588476, 0.11704836760287886, 0.15600601709624265, 0.21610635848417803, 0.26193492736725826, 0.2936584419479156], "f1": [0.0948269924709361, 0.1650310491268032, 0.1864100175680335, 0.18787136902925733, 0.1823115565657598, 0.17198090265520774], "ndcg": [0.4857142857142857, 0.6228298367327328, 0.6363733827334145, 0.6273371927554946, 0.6091917245744545, 0.6011752227386942]}}}}{"zeroshot": {"3": {"5": {"prec": [0.4857142857142857, 0.37142857142857144, 0.28857142857142853, 0.21571428571428575, 0.1761904761904762, 0.15071428571428572], "recall": [0.054022643327154604, 0.13267504251526807, 0.17297279301038695, 0.24890039715227685, 0.29447448367561146, 0.3265784900841292], "f1": [0.09481983171189563, 0.1867964847493817, 0.2042958480936156, 0.21670283381303954, 0.20629471561562718, 0.1935042254454175], "ndcg": [0.4857142857142857, 0.6465983758110916, 0.6561300562652713, 0.6390447038444673, 0.627036500461795, 0.6117915622219722]}}}}{"zeroshot": {"3": {"5": {"prec": [0.4857142857142857, 0.3095238095238094, 0.2371428571428571, 0.1657142857142857, 0.13619047619047617, 0.11714285714285713], "recall": [0.05293137348588476, 0.10579836760287886, 0.1387541023443279, 0.19051408108738935, 0.2309963296241492, 0.25910554114501483], "f1": [0.09320404025974859, 0.14961839160888254, 0.16498806707776, 0.16560677366745336, 0.16045112252268248, 0.1511158236437411], "ndcg": [0.4857142857142857, 0.5888626390240654, 0.6274662156471551, 0.609312076564463, 0.5958405400227289, 0.5790996029403961]}}}}{"zeroshot": {"3": {"5": {"prec": [0.45625, 0.31666666666666665, 0.25425000000000003, 0.19087500000000002, 0.16, 0.1396875], "recall": [0.05652295207700773, 0.11109212885698572, 0.1462540726904462, 0.20998795130924655, 0.258705881388452, 0.29575246445576225], "f1": [0.09817779144400586, 0.15579120323304313, 0.1728885775428902, 0.18349641674074937, 0.18106189094175537, 0.1739890527098285], "ndcg": [0.45625, 0.568185987966341, 0.5833805541638236, 0.586799545081202, 0.5789863181465484, 0.5741211090059086]}}}}{"zeroshot": {"3": {"5": {"prec": [0.4490644490644491, 0.3111573111573112, 0.24740124740124741, 0.18711018711018712, 0.15779625779625778, 0.13695426195426194], "recall": [0.05691873231129783, 0.11079019111004242, 0.1440449614512001, 0.2075460397658272, 0.2568157207604128, 0.29183644109311063], "f1": [0.09803967052904891, 0.1543105692474293, 0.1693526167610873, 0.1806326520688236, 0.17915864023674805, 0.17108770328550135], "ndcg": [0.4490644490644491, 0.5601441339734968, 0.5756874780216985, 0.5813831468434114, 0.5732634168066232, 0.5687515522485805]}}}}{"zeroshot": {"3": {"5": {"prec": [0.4501039501039501, 0.31011781011781014, 0.24740124740124744, 0.1864864864864865, 0.15897435897435896, 0.13674636174636176], "recall": [0.05707754497011048, 0.11059823562962538, 0.14352158374387433, 0.20638698864647237, 0.25700613078762197, 0.29073401333334714], "f1": [0.09831357080294918, 0.1540012064261589, 0.1688792853850306, 0.17968355875222564, 0.18000190436172794, 0.17072185307971727], "ndcg": [0.4501039501039501, 0.5610133670966934, 0.5744030301769727, 0.5786961159989303, 0.570447009570879, 0.5646930134314925]}}}}